,Unnamed: 0,guid,name,first,last,email,value,date,phone,age,state,street
0,0,a94809e0-79e6-5263-9d04-aae99a0884d4,Eddie Sanders,Ralph,Guerrero,mod@opoza.mk,value,2/19/2018,(327) 825-1283,36,MD,Nohuta Heights
1,1,78661221-559e-58ca-80e5-518b3d726d30,Lillian Glover,Franklin,Rose,et@wuco.nu,value,9/25/2050,(538) 335-1854,59,VT,Wefi Circle
2,2,40be11cd-223c-53e5-997c-a5b9ad8dff07,Rosetta Crawford,Erik,Hunter,so@ni.cr,value,12/1/1958,(467) 550-8810,37,NV,Saman Court
3,3,88ad3395-17d1-56cf-a84a-03666f124377,Maggie Shelton,Troy,King,vemakriz@bejzi.mp,value,10/10/1943,(380) 542-2786,39,PA,Ropa View
4,4,79c91b5d-a764-5bcd-94f0-8fe4984dadf9,Melvin Jenkins,Frances,Blake,esfaf@gan.gf,value,11/12/2070,(822) 250-6066,25,MS,Avoefi Plaza
5,5,b91f8a4e-44c3-5ec1-bdd8-8c38461052b2,Lena Patrick,Philip,Nelson,bonegnup@obi.by,value,3/12/1996,(958) 707-9065,19,KY,Kekiv Mill
6,6,41f34d8e-edf8-5fe6-af59-38f971a45f3f,Christopher Klein,Mayme,Terry,ewnid@dihsavow.fo,value,10/20/1903,(459) 970-5795,53,RI,Gimu Turnpike
7,7,155aea6d-8bfa-5e1f-a16c-e26b23d9f2a0,Georgie Marshall,Duane,Hodges,ihu@ri.gq,value,10/26/1919,(704) 651-4168,18,LA,Jicboc Center
8,8,432a6e79-efb9-5040-8dc2-a054e8be2133,Alberta Owen,Ruth,Kennedy,menvud@pawuiju.sb,value,9/18/1987,(568) 261-4302,49,SD,Pagod Mill
9,9,a0bc953a-49b2-5ea8-811c-7c183790dfe0,Dean Gomez,Georgie,Massey,bami@vu.bh,value,10/24/1949,(546) 745-9039,48,GA,Akjuk Glen
10,10,c259f6df-cb80-52a4-b77a-8f6991ed724f,Julian Garcia,Hunter,Griffin,eppe@ejufizav.bh,value,9/7/2038,(560) 212-2558,27,AR,Batar Turnpike
11,11,cdd12ca9-2537-589f-9476-40f09a36a154,Bertha Obrien,Lee,Franklin,ma@vo.rw,value,4/9/1987,(581) 453-2635,31,TX,Tefzuc Key
12,12,8f0be661-849d-51ec-b365-a1162791b1df,Agnes Salazar,Rhoda,Lynch,gefa@pom.mn,value,3/23/1976,(409) 821-3027,52,MO,Voah Boulevard
13,13,318e15d3-9dcc-56b9-bb32-4490fee4e94f,Gavin Spencer,Evelyn,Murphy,ri@lersolbew.nr,value,4/14/1919,(657) 697-7507,31,OH,Huvruv View
14,14,e16b2afc-a22e-5fa7-9ed9-c5efafff7749,Bessie Reese,Birdie,Lowe,wejihum@vakteb.ht,value,11/27/1943,(861) 365-4283,50,NJ,Ratkej Trail
15,15,08c8107c-8f02-5117-b713-7e80cc1987bb,Devin Hammond,Ora,Blair,ba@lumas.fo,value,8/17/2003,(912) 875-8891,30,AL,Uzasom Turnpike
16,16,cf48f81d-e405-5fbf-a7e2-723fa39ab68d,Mathilda Jensen,Mae,Lloyd,val@to.kn,value,1/18/1950,(259) 477-9113,46,AZ,Raliz Square
17,17,53ec3dac-0e77-5fae-8eb1-bd17ade3fc48,Lloyd Ballard,Alfred,Hopkins,bev@ji.cn,value,8/24/2003,(803) 690-1196,55,NM,Nujufe Way
18,18,ee973506-e2a1-56ba-abb4-3b4ad9e74934,Daniel Vega,Shane,Franklin,osi@sada.sg,value,6/8/1960,(842) 686-2850,44,OH,Fanmo Pass
19,19,1fae7889-ab8c-565a-b338-3c3f1be229de,Stella Lawrence,Lena,Bryan,jec@ipe.za,value,4/25/2064,(277) 746-9837,26,IL,Medlil Way
20,20,54eb74cf-2faa-5f16-ad28-c959a8d8615a,Wayne Fletcher,Cora,Chapman,catpu@pa.ua,value,2/20/2063,(655) 367-7356,48,NJ,Homju Park
21,21,7b9e31b4-6528-5058-a5eb-1b8c13e68874,Howard Bowers,Martha,Fisher,hagitpej@utsasi.no,value,7/27/1983,(986) 297-5897,40,IN,Ihlur Glen
22,22,56d4de85-b682-5eba-a1c5-c11777cc811e,Justin Cooper,Joel,Baldwin,uhkoav@motagu.sg,value,12/16/1907,(327) 689-2275,55,VT,Eprum Manor
23,23,c1dc3661-43aa-5305-a6a1-9c8ddf7ef40f,Rodney Pittman,Alvin,Tran,gov@osede.ru,value,9/19/2053,(911) 876-4131,21,WA,Matlas Square
24,24,53a933a4-0b2e-52bc-8cbe-0889634035e0,Linnie Walters,Raymond,Nguyen,fi@padoku.gy,value,11/19/1901,(822) 794-2908,39,CA,Bekse Square
25,25,5041cc91-f72c-5444-8342-8d19680d223e,Ray Maxwell,Derrick,Nguyen,gevaf@pecju.sd,value,12/14/1918,(432) 740-9672,61,,Jolig Drive
26,26,baaf3c58-e243-5611-923b-77a1eea35336,Mildred Waters,Cole,Long,ulinuwpoc@seru.ad,value,11/15/1987,(643) 768-7029,36,AL,Pave Plaza
27,27,e5090abf-1b82-5d93-b2e6-d11e9c487340,Mollie Garner,Adele,King,nufdo@cokacbu.ck,value,9/10/1991,(840) 929-5295,33,UT,Copke Trail
28,28,702d574c-ea67-5682-89de-44d2328c58af,Rosa Carr,Alfred,Hunter,cuwve@vuf.ge,value,11/20/1919,(712) 839-7075,47,AL,Pefcu Manor
29,29,e757c790-acb5-5eef-98bf-ac51b3ea052e,Florence Neal,Thomas,Luna,vocitovi@zo.va,value,6/9/1904,(845) 296-7499,55,NC,Zuapi Lane
30,30,71bdb489-9ba9-5f69-83bd-d511e2101695,Marcus Tyler,Brandon,Johnston,lozelbiw@cacaki.mw,value,9/2/2009,(675) 431-2508,55,DC,Ageneb Parkway
31,31,29ee1f36-9a98-549e-8438-e2e487a74140,Brett Burgess,Maggie,Ramos,badezafo@jurre.com,value,10/19/1918,(678) 690-7833,47,ID,Agama Street
32,32,ecb74dc9-2376-56ce-b86b-b84a2f1e2246,Marvin Atkins,Elijah,Howard,podekkud@foltu.gt,value,11/18/2000,(363) 569-7732,19,GA,Uflud Path
33,33,42e50a12-96db-5bf1-be12-c6fd03b38eff,Pauline Frazier,Marian,Schultz,ofa@izgedadu.jp,value,10/15/1946,(834) 840-1954,43,NH,Cekub Loop
34,34,814f2a46-8a7f-5871-b713-792d2052c7af,Eric Howell,Pearl,Fields,pifisi@fakinom.sy,value,5/6/1980,(820) 673-2522,21,LA,Sifhiz Heights
35,35,40ca6e84-ae23-5ccb-bb0b-339df6603c88,Chad Palmer,Bernice,Waters,neuse@hiih.tv,value,1/15/1977,(420) 217-2868,32,MO,Bahiv Way
36,36,54db17ac-4ff2-5263-8ce0-4a8c8e0c6ffe,Lettie Nelson,Ann,Wright,veko@vugantus.nr,value,4/16/1944,(870) 271-9727,23,CO,Kofzez Manor
37,37,17785539-191c-5be9-a4d1-2162c3f13bef,Eliza Farmer,Roger,Malone,hum@oje.mu,value,2/13/1953,(226) 359-9912,37,NY,Medse Grove
38,38,358f9c9a-1a96-50e7-ac92-c5a1b8a5abaa,Terry Carson,Derek,Barnett,zuvu@valila.im,value,1/6/2058,(214) 907-3780,32,UT,Ijfav Boulevard
39,39,21d155a2-8410-539c-bad8-c98630520895,Kate Banks,Jeremy,Snyder,guob@lapga.cr,value,3/12/2010,(605) 706-5446,48,NH,Tirof Park
40,40,cffc26e9-31a0-5dfc-8e94-67973cfe367b,Millie Potter,Bradley,Bell,he@kat.sy,value,1/3/1974,(575) 445-9792,28,TN,Dotu Mill
41,41,ae6d0668-edc2-5c52-9156-6ad4c35d3f3c,Isaac Wade,Ricky,Poole,viw@sila.wf,value,8/4/1953,(350) 756-4083,43,MT,Lolvuk Glen
42,42,6798ee0c-36a1-5f74-b9cd-20f57087ad0d,Mollie Mills,Jerome,Moore,eztuf@ir.lb,value,8/28/1915,(978) 309-5591,59,,Juji Street
43,43,6b965a92-8f80-580d-8d89-ab624a7ebda9,Bill May,Norman,Bowman,uve@vadkuv.sd,value,6/12/2062,(242) 214-3972,53,RI,Goiwi Place
44,44,8bd47d98-091d-58cf-8f53-ddcad380a770,Jerome Powell,Andre,McDonald,riehmes@sip.rw,value,10/2/1959,(841) 267-8187,55,MS,Milkap Center
45,45,57658ab9-91de-532c-a4d6-b3ef2e106a56,Adrian Mullins,Mario,Day,uwi@nafvo.vg,value,3/8/2068,(466) 490-5258,43,HI,Sugo Park
46,46,d33c5797-6eb0-5295-8434-67d52bd9b91b,Charlie Tucker,Gary,Goodwin,zaloku@ruzjujha.tm,value,4/16/2022,(447) 716-3455,62,FL,Evas Highway
47,47,1562fb95-6329-57ff-a689-028d1f6d3b0c,Minnie Barrett,Carolyn,Greene,na@guboje.bg,value,5/21/1919,(849) 368-1097,22,MT,Teino Place
48,48,d116c07d-527e-5286-b452-fd7212c02414,Hunter Ferguson,Leo,Vargas,wabbiv@riwic.sd,value,12/15/1988,(820) 684-8115,35,ND,Foba Ridge
49,49,5469c828-ab51-579d-a723-c7e56dac5e28,Jesse Ford,Josephine,Drake,ilo@wosihu.ml,value,12/1/2028,(338) 219-5082,25,SC,Ifuduj Path
50,50,6e89b1dd-0c06-5088-99f4-d947d155e2e3,Bryan Ramirez,Connor,West,uhogi@fut.th,value,8/6/1988,(875) 586-4324,27,ND,Taiz Extension
51,51,443b0608-a0d3-5388-a8b8-62a0ae101360,Mamie Newman,Olive,Keller,dotouze@muwamda.cw,value,7/1/1917,(988) 864-6394,65,MO,Manno Square
52,52,48932496-1295-5338-8516-798e317c4a63,Marie Dawson,Herbert,Leonard,ga@bumomev.ch,value,4/9/1964,(764) 774-7259,30,KY,Mato Loop
53,53,f7a3f88d-ed09-5e27-b712-c5f956af07cc,Marvin Mann,Ethan,Moody,dacowi@vaena.sc,value,5/1/2039,(752) 956-2983,21,ID,Mawri River
54,54,2b4dd7f8-6693-531c-be71-9921764e37c2,Mattie Fitzgerald,Angel,Hunter,ve@susvuk.bi,value,7/3/2006,(985) 672-3976,37,CO,Cuhon Trail
55,55,af85ca2b-8dca-5f1f-af4f-033037257f87,Edward Rice,Blanche,Johnston,giddo@al.nr,value,11/9/2008,(768) 393-8085,24,TN,Bihbo Trail
56,56,ba203beb-055a-52ef-ac2c-9a292e7eac5d,Sally Davis,Raymond,Floyd,litete@conifutim.pl,value,4/24/2031,(255) 867-2465,53,MA,Avsiz Park
57,57,45fb287f-bbb8-5480-9c05-7933a7ebd4d2,Charlotte Day,Terry,Wilson,ogi@li.ly,value,5/29/2025,(586) 308-7838,63,KS,Suag Pass
58,58,e162582e-d8c4-5466-98b4-c364c486d114,Brian Day,Bernice,Keller,puuk@ruswun.bd,value,7/21/1915,(331) 932-7460,35,KY,Ukuces River
59,59,1c503f8c-768b-5087-8972-e74b3fc981db,Trevor Mathis,Jordan,Graves,hivdir@johepi.uk,value,6/25/1912,(485) 425-7798,19,CO,Waip Manor
60,60,8e1bc031-e6a7-5074-bbcb-74760111143c,Agnes Lucas,Bessie,Carlson,rer@lur.sz,value,1/19/1965,(688) 966-8766,63,RI,Gokpa Highway
61,61,3988ba8f-aff8-5491-8e95-4ef61a720498,Darrell Johnson,Logan,Gibbs,unvifna@ihohir.fr,value,11/17/1986,(421) 811-1877,65,MT,Sacec Plaza
62,62,da7147fc-a732-54cd-9761-f390e14a7e40,Rosalie Rogers,Sallie,Ray,diuji@nootogaj.ro,value,2/10/1963,(581) 253-7692,30,ME,Azudu River
63,63,0bd09b4e-ef7f-50fc-8180-e2ba0571f965,Willie Obrien,Lena,Hines,duzufesi@sekge.pf,value,10/28/1938,(886) 517-1789,40,VT,Resu Parkway
64,64,0343b435-e0e8-5aca-b2c5-402b95057ce1,Hallie Ball,Lilly,Matthews,zuc@ukkiwuh.bt,value,5/17/1938,(241) 550-6318,47,IN,Leawu Circle
65,65,2a3d2376-dce8-5f7b-9864-65b3033605a4,Nathaniel Zimmerman,Estella,Banks,uv@fofefevu.pf,value,2/22/2041,(841) 924-7015,25,IN,Nomet Manor
66,66,aeaad0f6-f807-58e8-b7f0-1bff2e0a74c2,Lily Miles,Luke,Waters,muvbones@umomadluv.im,value,10/6/2010,(539) 279-8393,21,NY,Rezes Way
67,67,660f8033-c092-578e-bbd2-933c329c55e7,Amelia Tucker,Daniel,Simmons,zajeak@secwoihe.ss,value,1/10/1900,(519) 315-5919,18,WA,Camza Lane
68,68,89a391bc-495e-5500-a7c8-1e8eb59e16b4,Johanna Carpenter,Lizzie,Miles,coc@epi.cw,value,6/28/1987,(267) 224-1254,63,WY,Lemi Plaza
69,69,c031ece0-fcd9-52a6-bfcb-b2ae2c300a70,Hannah Murray,Mary,Goodwin,adafbin@nujra.dk,value,10/18/1950,(651) 212-1995,27,,Kirube Point
70,70,c8d797ef-b158-5c00-bec5-c6defd30a4ff,Blake Cannon,Francis,Martinez,dooje@mo.cw,value,8/20/1945,(567) 749-6197,24,MO,Peku Extension
71,71,b6a042ff-d79c-5b6f-9850-c77f10d4e1d3,Cordelia Rios,Amanda,Cox,waranla@jevjizku.my,value,5/5/1947,(229) 586-3740,29,TX,Rugmi Pike
72,72,0638beb2-105e-5dfb-a529-6f58375629e9,Estella Brooks,Ernest,Grant,jitgew@se.bh,value,10/30/1979,(363) 848-9172,59,OH,Oljow Highway
73,73,67e5c3a8-2b79-520c-81e1-c8a6624e5d1d,Millie Cross,Eleanor,Lawrence,mossusa@ezo.ba,value,11/29/1914,(718) 687-9246,22,TX,Feef Plaza
74,74,3c359c24-8520-5f59-a631-a0c810e8564f,Samuel Maxwell,Flora,Nunez,sugu@som.pw,value,12/4/1903,(232) 316-9183,56,,Cujuta Highway
75,75,f46eca7d-c213-5f3f-8fb4-a6ab77e9a700,Andre Rowe,Sean,Cruz,reg@vub.tg,value,10/31/2065,(725) 696-8670,33,NV,Arana Court
76,76,b1312a42-87b7-53de-9680-2b07a5859af1,Sara Romero,Cole,Evans,tivetuvo@mabeuc.tj,value,9/24/1934,(800) 492-5854,48,ME,Giepa Boulevard
77,77,50b2413c-4dbf-5eb3-9db9-89a5c53aabdb,Sarah Pratt,Ella,Lloyd,ug@waguibi.mn,value,2/9/2005,(601) 824-8169,34,NH,Wogen Circle
78,78,27cd158d-67a6-55f1-97cf-d15a2d840ae7,Angel Freeman,Nathan,Smith,uzewilib@wu.tg,value,12/25/1989,(374) 494-4122,55,WV,Ebpoh Heights
79,79,305f4478-2494-5f38-8b18-e3230ccd80b8,Jesus Freeman,Timothy,Mann,bovopa@ic.km,value,3/10/2039,(861) 422-9046,43,WI,Lujale Square
80,80,50b8e287-163c-5e2e-a5b9-ff5b1fbf3b78,Gerald Mason,Julian,Welch,faciofi@mifisagi.md,value,9/19/2030,(464) 355-2468,20,AZ,Fapol Mill
81,81,f919fdf4-8669-54e1-9188-7963d308887a,Martin Olson,Mabel,Park,raonji@piatci.bq,value,9/26/1938,(740) 913-6546,65,AR,Zoke View
82,82,c7bb07cf-fd83-5261-b46b-9867ab72d89f,Maurice Padilla,Kyle,Gomez,vem@fujoub.uz,value,4/9/1939,(486) 473-4547,22,MD,Zunov View
83,83,53ee7ebf-c14c-54d2-a02c-11c0d4c7c5e7,Phillip Moss,Edna,Allison,vupakrof@ilguw.fj,value,8/10/1926,(563) 901-8602,47,DC,Kocufi Mill
84,84,a0e3b0a4-22f3-54c5-b786-295e12e107ca,Jack Hughes,Tyler,Daniel,voloweh@uw.za,value,7/22/1960,(512) 708-2865,62,PA,Wizam Point
85,85,8d748862-ef66-5c31-8d91-14a7e5a8e101,Eric Reed,Amelia,Holland,teeze@ufa.io,value,6/23/1980,(236) 436-3738,30,MI,Rouda Key
86,86,5349f72a-9c3b-5515-abc1-7d2085e3491f,Kathryn Collier,Maud,Wells,houv@jivat.nc,value,8/15/2032,(938) 989-3701,60,,Esimej Pike
87,87,f78c6cd3-3535-5735-95eb-536b75b20bdb,Timothy Lewis,Travis,Roberts,vanaf@geubipu.sg,value,9/6/1986,(668) 235-9353,27,AZ,Tokvap Center
88,88,9393fa23-8f69-5a00-a8f4-5998824ae02d,Nicholas Ingram,Flora,Hammond,silji@er.vc,value,3/23/1928,(671) 870-4494,37,VT,Hoho Highway
89,89,59582a54-97f2-5cbe-b26f-4d708476a5c8,Nancy Burke,Lawrence,Baldwin,ajo@owavuedu.gs,value,9/9/1921,(957) 537-2962,32,CA,Hokku Key
90,90,cd3a75f4-e985-50f4-bd64-914ecd47782c,Scott Morgan,Georgie,Roy,akbifabi@kemub.cw,value,5/6/1944,(211) 228-7379,46,RI,Dilah Turnpike
91,91,c7d733fe-618b-5d76-a15a-82dfbe20cd6a,Elmer Meyer,Ethan,Simmons,pat@zojrukew.gs,value,3/18/1911,(941) 589-7818,40,OH,Gudej Extension
92,92,6270935a-43b2-5ba8-bb98-3577a194d502,Lily Campbell,Claudia,Vasquez,sotvo@opoilje.pr,value,6/30/2042,(935) 401-7317,36,,Wekpi Pike
93,93,e0ac89ac-2a82-5cff-a175-53d963f14e03,Clarence Becker,Philip,Cunningham,comduj@zovot.mo,value,6/2/2017,(407) 667-4972,27,MN,Liheha Glen
94,94,14817cf1-ed0f-5cb8-a780-55a69df56648,Chris Alexander,Eva,Vaughn,raentu@jom.ml,value,6/12/2035,(411) 863-1708,34,OK,Dedpof Boulevard
95,95,0ea093ab-cc30-56c5-b18c-5396ec0b2e15,Violet Kelly,Vincent,Patton,gevhetjo@vufdo.im,value,11/24/1924,(989) 314-2934,34,,Widzij Plaza
96,96,f18921ff-c384-5ece-8519-7c128ced8d33,Sallie McGuire,Jerome,Goodman,sucmu@jibmuccib.lt,value,8/22/1996,(410) 422-3117,19,KS,Wido Pike
97,97,2e2c6563-9a01-5ec7-bb78-7421be3d3fb0,Albert Fowler,Curtis,Nguyen,buebcip@tuz.jp,value,6/29/2027,(241) 648-6531,50,AR,Nabat Mill
98,98,c71d2ea8-9774-5344-b12a-97f10da13037,Lettie Lowe,Francis,Erickson,samnebse@fa.cd,value,11/8/2018,(710) 564-5173,43,FL,Opuji Terrace
99,99,e09ba5da-bd45-559a-b9c4-54e8d0729819,Bernice Mitchell,Loretta,Waters,gi@pidavsag.cw,value,4/25/2023,(881) 838-5072,44,PA,Gajhu Road
100,100,901b3f0d-f831-5c56-bf2a-6aee3d81836e,Charlotte Brooks,Robert,Barber,ras@pe.vc,value,2/14/1969,(648) 339-9666,42,PA,Lovob Way
101,101,6f4a92e4-9631-5185-a33d-54bc87526fb0,Bess Lloyd,Hettie,Castro,noh@fod.ge,value,4/24/1917,(245) 324-7803,18,MA,Nacse Street
102,102,4755d182-55d5-5bc1-b351-ea8fc5b2b399,Lydia Mendoza,Milton,Nash,ajudorew@mem.tf,value,12/3/2039,(570) 504-1845,45,HI,Topus Heights
103,103,ab337c54-6783-5896-8eab-11f129d07ad6,Jesus Jensen,Marcus,Ortega,ed@wehu.ao,value,6/30/1938,(981) 488-8277,50,AL,Zizuv Trail
104,104,a585c14f-7b46-5a4b-b643-2b2ff08bf1c3,Stanley Jordan,Trevor,Gilbert,hez@redobo.ly,value,9/8/2052,(534) 970-1052,27,WA,Iluvac Park
105,105,fb0b3077-fc46-5aed-af22-41e30d9f4b30,Harvey Smith,Emilie,Phelps,ojecobeg@ig.ug,value,4/18/2055,(903) 310-7457,59,GA,Zoze Lane
106,106,5eb382bb-5c83-5401-8b26-57f4a7b28fd9,Peter Barker,Margaret,Gray,daz@no.gy,value,12/21/2001,(466) 907-2144,65,NV,Bulag Parkway
107,107,f5281028-8373-5375-9bef-c783057f69ed,Cornelia Dennis,Milton,Jimenez,badoswab@tuniwu.eg,value,11/18/1940,(508) 868-6184,23,NC,Joumu Way
108,108,071ec00d-8f52-5513-933c-21efeeb80532,Ruth Potter,Isabel,Lopez,mif@wahoc.dj,value,5/29/1975,(451) 522-3130,60,ID,Hudak Drive
109,109,1380f5eb-24cd-5894-876c-67faad5968d5,Bessie Potter,Carrie,Carpenter,talud@ric.om,value,1/3/2064,(575) 662-7830,43,AK,Betel Center
110,110,be01e5cb-b1b9-5bfa-bfcf-4fc481f9ffb9,Caroline Moody,Adeline,Ramirez,licvi@fivvoc.gq,value,4/10/2022,(662) 737-7853,23,ID,Kikpe Circle
111,111,4e194034-1296-5ce9-93d5-b46d73e1c15d,Daniel Hubbard,Nicholas,Riley,pa@kehhat.ss,value,7/7/1941,(917) 287-5279,46,NJ,Eztop Plaza
112,112,10f2a5c2-e46f-55a9-8374-5db102f31a3f,Sophie Malone,Marion,Houston,le@oz.ci,value,6/26/1985,(409) 651-5023,34,OK,Tolneh Boulevard
113,113,7a45a319-96d6-5d5e-80b3-32898ca6996c,Matilda Martinez,Ricky,Brady,fetujcac@becocvun.je,value,11/8/2001,(453) 859-8774,46,LA,Dahu Road
114,114,76c3da46-736a-516a-abd2-651921e0748f,Ina Mann,Howard,Washington,du@rafo.tn,value,9/25/1940,(946) 263-9446,32,NV,Tinnum Place
115,115,c8a7e4f4-4e08-54b5-85b6-222c2ffccc51,Chad Bridges,Joshua,Barker,dacad@pelur.zm,value,3/13/1906,(559) 553-4233,52,GA,Ubebov Drive
116,116,82a22628-9802-568e-8381-39c3e0c8f33d,Clara Bradley,Katie,Williamson,agi@eja.ps,value,6/14/2032,(850) 673-8663,28,FL,Vecil Boulevard
117,117,8ac925c8-17bb-5b32-b32a-1b1cceb10379,Dean Carr,Roger,Meyer,fimirad@de.nc,value,10/21/1997,(838) 556-4158,43,NV,Udbef Avenue
118,118,1d3ec05e-3455-5120-a264-fbd820dd873e,Maude Taylor,Corey,Morgan,itako@putud.gq,value,4/7/1975,(902) 631-2928,23,KY,Kemsoj Way
119,119,17264eb3-44b3-5f4c-a386-102af7db4b62,Calvin Norton,Jimmy,Sharp,eso@cuwsaz.rw,value,4/16/1935,(958) 592-7020,36,NY,Geri Square
120,120,10460c01-3e1d-52d1-aecd-9ee0db95d563,Leonard Powers,Eunice,Wagner,bi@inu.gs,value,9/2/1922,(615) 552-1258,43,,Alolu Parkway
121,121,0e2f5519-7608-515f-8720-8fb41d2510bb,Della Edwards,Millie,Phelps,unnahjuf@geofugeh.am,value,7/18/2010,(464) 639-2937,51,CT,Zojdo Path
122,122,6fe74cbb-7127-516c-b2cb-007ed7de1cf7,Roger Sherman,Pauline,Wagner,kirzubvaw@de.in,value,12/5/2067,(674) 810-5498,46,MA,Umjeg Manor
123,123,becc79e6-39f5-5728-9d75-3073d2e464fe,Shawn Sims,Harriett,Cross,jumgupe@cewjapofo.vu,value,10/29/2055,(325) 849-9144,43,AK,Poton Key
124,124,3e9a0c3e-6658-5f3c-af80-1ccd681cd630,Jordan Moody,Curtis,Wolfe,do@ipwekzi.pn,value,3/2/1985,(960) 869-1109,62,CA,Juur Key
125,125,646fa3c6-b5be-5704-bc96-afea4186f631,Nelle Chavez,Lola,Lucas,ikfiju@be.mr,value,10/13/1993,(903) 239-6612,29,UT,Niclij Loop
126,126,e2f5db94-6ade-5a9e-907b-703483283723,Patrick Ryan,Ryan,Collins,isoakeep@lubamli.bq,value,10/4/1949,(476) 262-6955,21,FL,Zeto Street
127,127,afe4292c-4947-5025-8c90-fd96bd386ca3,Joshua Bradley,Shane,Harmon,votmofso@cadacsi.mz,value,2/20/2070,(609) 660-5577,65,AK,Dasvi Key
128,128,65deb199-df0a-50a4-85c7-f6b7b937aa1d,Willie Cummings,Blanche,Boone,johin@owkuf.gi,value,1/26/2005,(971) 315-2665,32,WV,Buona Turnpike
129,129,b729d52c-797f-5f1f-8d76-48b7f9b59131,Maurice Woods,Hester,Green,puzu@wileb.je,value,9/18/2037,(348) 866-2267,41,SC,Ohgif Turnpike
130,130,40ec3245-48b8-5ddd-b2af-2db93ceb691d,Wayne Pittman,Rosetta,Gilbert,logruzle@zihuwwe.kz,value,4/14/1938,(349) 766-2303,64,MN,Piiha Heights
131,131,5b7d6727-f053-51b3-8f78-9431244ce61e,Howard Klein,Lilly,Norman,web@zip.ml,value,10/19/2004,(574) 283-9868,52,SD,Cokki Center
132,132,304e8c15-2286-5b8d-968f-d841064da9f8,Travis Wilson,Jim,Ross,kejavze@gon.ki,value,12/3/1983,(532) 629-6974,48,PA,Davi View
133,133,8a8e163a-7dcf-50b4-93b0-ff02697a0980,Mabelle Keller,Mike,Richardson,rofogel@ipo.rs,value,1/11/2001,(838) 926-8218,45,AZ,Ripzij Park
134,134,725c9f6e-fd72-565e-8d1c-2339f7b66873,Patrick Beck,Lottie,Carter,ineizu@meda.lv,value,5/27/2021,(888) 978-7292,53,MO,Kugiw Point
135,135,10ed3f4a-9eae-588b-b944-c2afabf82f2b,Kyle Burke,Lela,Park,oco@ni.lb,value,2/14/2065,(321) 818-7384,35,GA,Tagun Heights
136,136,56a5ce1b-f635-5213-9f15-034ffb363c31,Jon Flowers,Sophie,Gardner,pazdonpa@ownoh.ai,value,4/10/1936,(401) 321-8844,23,AL,Igok Park
137,137,8bfce32a-003b-516b-8845-91fd7d729698,Cecilia Parsons,Trevor,Jefferson,acrew@ugdisso.sr,value,7/16/1913,(612) 392-9663,53,DE,Hewo Street
138,138,5bc0f874-bbdb-5eb3-a15f-855d86efd1dd,Cory Beck,Alex,Barrett,le@cuntud.gp,value,1/11/1946,(588) 578-9408,45,NH,Ipaza Pass
139,139,d6caec78-4fe8-52ea-8a19-e67e030973a7,Erik Gill,Lulu,Horton,solbon@hohpeb.ca,value,5/8/1970,(738) 606-7369,55,FL,Tusig Extension
140,140,fec4ca67-19d2-5e74-b45b-7cf44eb083bd,Vernon Wilson,Barry,Morrison,zuhicpu@zulikbur.bd,value,2/13/1978,(957) 492-8278,58,KY,Liew Center
141,141,1290bb28-0e22-57bc-a165-d38cf5fa4311,Robert Clarke,Ellen,Gutierrez,guk@karrugco.km,value,9/28/1994,(260) 304-8415,41,IN,Umubo Point
142,142,8647876e-8c56-5370-a55a-ee1fad8e34e9,Susan Farmer,Callie,Potter,zapiwhov@apieverak.ca,value,7/16/1925,(386) 698-6831,36,DE,Vofmu Pike
143,143,42e09758-1b3e-5d8e-a02e-96f6ecf695f5,Florence Myers,Louisa,Steele,gujsi@henug.at,value,7/3/2056,(870) 850-2983,52,WI,Otauhi Boulevard
144,144,3e0d6cb0-6e14-5683-8871-c360d1055496,Ralph McBride,Jennie,Fitzgerald,aruake@ewab.tm,value,9/4/1922,(904) 796-3641,52,NH,Lutja Junction
145,145,7362d041-fb6c-52b7-8bdf-1228702259a5,Chris Morgan,Victoria,Gross,pod@natgef.hr,value,1/22/2055,(531) 680-2318,60,LA,Lidi Ridge
146,146,b1871e79-2c2a-58b7-9f2e-53e7c28bea44,Brian Watkins,Mable,French,bodub@azirik.pn,value,7/6/2035,(505) 808-8507,49,AL,Tuci View
147,147,71dca01c-45ab-5198-8004-b9df239c9b4b,Landon Wolfe,Hallie,Adkins,ura@gar.ms,value,7/30/1959,(204) 511-5271,46,CT,Hige Plaza
148,148,08277cd2-2dfe-5d32-9c6b-c7d4828a2f49,Cecilia Mann,Erik,Campbell,oto@tob.id,value,8/9/1989,(930) 452-1858,31,CA,Owefih Pass
149,149,ca04176d-3fca-5f1a-9e06-783760797c81,Rebecca Simon,Iva,Barker,osvej@mo.dm,value,1/22/1968,(920) 379-2955,34,NC,Usho Circle
150,150,d41d0392-94b4-5aa3-8ed5-64994cf15e37,Jon Griffin,Albert,Anderson,riosi@upe.lv,value,10/11/1903,(724) 334-5815,31,GA,Humu Mill
151,151,4e6b332e-671c-5926-8c9f-0516bc965c87,Wesley Soto,Mittie,Cortez,walluseh@reloec.lt,value,5/13/1950,(467) 365-1730,31,MN,Deter Loop
152,152,09609433-5577-5c6b-823a-65270579ad9e,Ina Brady,Clara,Cortez,tivkafiv@boba.ar,value,7/11/1960,(371) 889-9742,29,NE,Numiv Heights
153,153,4a6b42b8-fb19-5930-81f1-d9105e76b7d6,Susie Barrett,Amy,Walker,vadwek@nelna.pm,value,4/11/1904,(873) 711-1110,61,PA,Sivun Place
154,154,4464b2c1-ce4c-5456-acaf-6d9da25dc2b2,Nannie Dawson,Jessie,Gutierrez,tim@hajgogba.ru,value,8/3/1972,(820) 791-7781,63,NY,Zazu Place
155,155,c15f3271-9a66-596d-bbf7-aae7ab3a414d,Isabel Nguyen,Adeline,Daniels,ogwa@lugkog.ru,value,10/25/1908,(860) 315-4484,28,MI,Ukeupu Parkway
156,156,f1ae95d7-bd88-5b2d-a00e-b3329608f3ad,Kate Bennett,Alex,Adkins,goas@salwercaw.kn,value,12/23/2055,(701) 924-2456,40,DE,Semco Road
157,157,6dceb796-00fe-5cdf-b262-3217f17fd17b,Nathan Dunn,Lucile,Ramirez,jivrabwew@ibeepa.nf,value,9/2/2060,(742) 888-5917,35,MD,Ziklo Highway
158,158,bb163de8-02b5-5f28-b4ea-9cba1777bd76,Cory Harrington,Lee,Austin,onaka@jik.ua,value,12/8/2005,(778) 811-9676,25,MS,Juclap Place
159,159,0e4cf808-e9a5-5abe-b173-cb62db91e73b,Leo Allen,Julian,Johnson,taavmu@fizi.eu,value,12/7/1916,(351) 956-4887,61,NH,Sadbew Court
160,160,3db6b5c4-ba53-512c-9ec5-70f464728f6b,Ada Harper,Chase,Swanson,savef@fifidi.pg,value,3/31/1990,(460) 554-2988,19,SD,Vorog Terrace
161,161,b3fc41dc-1093-5fe8-87c2-6a93b6d12d1f,Sarah Foster,Francis,Roberts,hip@li.ua,value,8/4/1997,(261) 565-8527,44,MS,Wojre Lane
162,162,56593d2b-86bc-55af-9861-b7ea6061445b,Lenora Fernandez,Minnie,Cox,todja@sekin.pr,value,6/25/1977,(853) 727-1557,32,NY,Jokfid Key
163,163,2c3b385c-bdf9-5425-9431-a5a405aed4ac,Aiden Hoffman,Lura,Flowers,ne@tahiw.mt,value,8/1/1980,(557) 831-7124,40,DE,Gejil Street
164,164,5b89f3fb-b2b8-5f12-8d5e-7818ab520fcb,Jeremiah Ellis,Adelaide,Flowers,ves@im.ye,value,9/17/2014,(450) 455-2771,44,NM,Puno Manor
165,165,59ca32ea-a849-56db-8e8d-d0bffd374569,Isaac Hardy,Alma,Chapman,jig@werevew.fo,value,12/6/2068,(517) 411-2166,22,WV,Nene Park
166,166,f6f800ff-e2c0-52f9-9b0a-f220aadb1b5b,Harriett Martinez,Jean,Chavez,or@iwidip.cw,value,6/18/1946,(909) 216-1343,62,ND,Zedof Terrace
167,167,2ac47345-08ad-53bc-aa4d-ea438070e49e,Randy Castillo,Eric,Sanders,peftam@fa.dm,value,12/1/1929,(649) 506-1416,37,OK,Dozawe Lane
168,168,e986660d-8585-5329-aa11-5aa852bae531,Jorge Kelly,Dustin,Young,vawivvuk@ajcap.cw,value,10/14/2039,(701) 328-2470,19,WA,Nolig Square
169,169,ef149d15-8d64-57c4-a06d-c68cd9614c53,Harold Roy,Joshua,Goodman,josih@luk.nf,value,7/10/2022,(419) 276-3367,53,CO,Ratabi Glen
170,170,45cae9a7-7631-5572-917b-e9b67bd295ac,Jeremiah Howard,Lura,Stewart,nob@rikapo.cg,value,2/14/2048,(674) 797-7437,34,ND,Usad Drive
171,171,c29420c0-b477-58ef-852c-d47e542e77de,Estella Cannon,Nicholas,Ryan,to@bav.hm,value,7/24/2043,(413) 865-8109,42,OK,Rabsow Highway
172,172,a2efd2b7-fb31-5e96-b362-896767a41444,Owen Barton,Isaiah,Powell,jivooke@ma.ga,value,9/10/1914,(345) 509-9029,47,KS,Urkib Turnpike
173,173,51b5ec36-d049-5a8d-b836-852533416559,Dora Massey,Lenora,Bass,rehha@few.ga,value,1/4/2055,(979) 862-1691,24,KY,Liwoc Key
174,174,4212cb49-60a4-59f6-bf82-4c9ae351d36d,Brian McCormick,Emily,Holland,punap@omfoj.sl,value,7/28/2034,(643) 493-5076,26,SD,Raril River
175,175,8c73090f-43bf-503f-8050-d578c74e42ed,Evelyn Shelton,Andrew,White,ab@ku.fj,value,4/25/2020,(233) 482-2627,46,NY,Tivow River
176,176,82e05d05-f8ae-5814-9cba-785cbf7672bf,Cole Watson,Victoria,Rodriguez,dicpaklo@hehmaise.hn,value,4/6/2032,(766) 987-1125,65,MO,Kuzruf Extension
177,177,1e4c6a92-c6b1-5574-8c04-fcc0a8f13bfd,Susan Herrera,Janie,Estrada,nimgiked@walwit.ps,value,7/20/1999,(766) 457-4121,62,OK,Vihfe Circle
178,178,1a6cd5db-f8af-5a3d-a314-064c0b8f6bba,Cornelia Chambers,Cody,Rodriguez,ojmubfe@lufuba.je,value,2/18/1981,(606) 877-5618,23,ID,Tocnu Way
179,179,86b7db2a-3ce8-550b-a3e8-fced7d4c412a,Julian Colon,Gilbert,Kennedy,leg@vo.eh,value,5/5/1946,(267) 921-4917,50,MI,Osava Terrace
180,180,b691d071-6656-5262-ab2b-92b84df8575c,Jeremy Bowen,Alma,Webster,bojpapgin@putvez.es,value,4/27/2018,(267) 934-3005,39,MA,Mulu Boulevard
181,181,4aefae69-6be1-534a-8f86-cfb027a34c44,Trevor Armstrong,Eugene,Moss,mim@zachepze.sg,value,6/14/1966,(372) 666-5390,65,AL,Cuji Ridge
182,182,abbee5c4-57b0-5ff8-9f57-5d0ea27c343f,Jacob Dixon,Connor,Young,ornuw@pu.pr,value,12/18/1993,(422) 935-5996,42,DC,Vowu Glen
183,183,6c8e9228-224f-57f2-98c2-886251153a92,Eric Davis,Mario,Lawrence,iw@gomceive.bs,value,10/3/2022,(833) 496-8406,21,HI,Jemah Terrace
184,184,0e2f35dd-4497-5ebd-94a4-6d19bdab6ea2,Milton Luna,Mason,Fitzgerald,ubjeduw@fus.gy,value,12/30/1984,(651) 937-7375,62,MT,Sokjiw Ridge
185,185,236ac569-cfa0-57d6-b25c-a949cf63118b,Lena Hopkins,Mittie,Hall,otigzac@boni.sa,value,1/20/1942,(205) 866-1654,37,CO,Cufe Mill
186,186,cb9d5285-62e1-58bc-b96a-e21e6641e6d5,Bruce Joseph,Hulda,Edwards,ag@nabo.pa,value,12/28/1931,(213) 616-2023,31,,Sida Center
187,187,f48131a3-49d0-547e-8ee5-61d8da763353,Gilbert Barton,Cornelia,Vasquez,temve@motavur.se,value,1/10/2042,(826) 271-1290,37,NY,Behe Square
188,188,305a409d-df01-5fc0-b95a-964e74cf4065,Rosie Leonard,Loretta,Floyd,adlu@fu.ad,value,3/24/1940,(682) 206-6173,37,NM,Litbi Loop
189,189,caec858d-0ffc-5765-8a39-c97d516e4478,Brian Mann,Norman,Robertson,naura@rauk.nf,value,4/26/1968,(913) 824-6987,20,,Kaga Road
190,190,2f603ddb-1ca1-5e4b-86a5-93279b444a9d,Jason Owens,Jay,Fowler,vuwzigim@bok.pt,value,4/6/2049,(578) 313-7044,64,WY,Pohfa Pass
191,191,caf918ad-2a5f-5f7f-9742-af6616eb0ec0,Linnie Webb,Phoebe,Page,igoabiuj@ihoin.iq,value,4/20/1985,(553) 646-2277,64,VA,Micna Pass
192,192,32f8dff8-4c2b-586f-9551-44dc7efeb1c7,Abbie Wilson,Henrietta,Vasquez,kuwzuv@lisobefa.fr,value,9/22/2035,(224) 347-2845,55,MS,Eheso Junction
193,193,a9b3145e-870d-5216-8bcd-cf2f992c0362,Sophia Williams,Robert,Beck,bezogfi@hogecmi.mo,value,11/30/1988,(322) 832-6604,59,NC,Illul Place
194,194,63d02704-b7d0-5572-aa46-7f2f78d8349f,Sophie Martinez,Vernon,Dennis,lu@sibego.au,value,8/21/2014,(378) 716-9335,25,UT,Gicij Parkway
195,195,0e87555b-b555-59d4-b2d3-b197931ecd2b,Kyle Norman,Bryan,Sherman,fil@fumoc.ls,value,1/26/1940,(774) 917-7601,46,NE,Bomcob Pass
196,196,a1fb7731-bca3-5f95-a78f-9c45e3f81a8d,Antonio Morton,Nathaniel,Terry,roudiur@lolkepmop.gg,value,11/9/1918,(714) 218-4322,38,FL,Lojmih Junction
197,197,b118c3d9-3209-5f31-bc2e-d75206e2e7fe,Lelia Cox,Cordelia,Gonzales,labdog@di.kw,value,4/1/1990,(638) 568-6214,37,AK,Wedog Drive
198,198,633dafbd-ae25-5db2-bef7-a0ce73675ea4,Martha Reed,Gussie,Scott,ucauhunuw@cac.ee,value,1/24/2066,(204) 311-1340,21,,Rorel Lane
199,199,d7b4cfeb-11a6-5b95-a1f6-000e3cf343ac,Florence Kelly,Martin,Cox,ziwu@jifirine.np,value,2/19/1956,(883) 794-4377,57,AK,Tartov Place
200,200,20b027b4-8c63-56df-b7ea-650831029b12,Clyde Brooks,Shawn,Davidson,erucufti@hagfe.gg,value,1/15/1955,(724) 226-4656,32,,Banew Extension
201,201,7f6f1356-7c02-5838-8ae8-4f648cf36177,Dean Fox,Phoebe,Powers,beurhep@leihiv.km,value,6/15/2052,(333) 394-1100,20,IN,Zuba Pike
202,202,7c4aa9f4-a1a5-5ce8-bc26-449fe8c853e2,Linnie Kim,Georgia,Davis,igidiulo@ive.wf,value,2/1/2016,(833) 816-4461,58,MN,Ujeh Way
203,203,c7f1497a-1e5f-59e7-a041-3f130984fc02,Gilbert Dennis,Herman,Weaver,iha@ogise.as,value,3/4/1960,(342) 419-4994,39,ID,Gezbav Grove
204,204,3f064e00-59d2-5d37-a568-d71b89869622,Andre Thornton,Carrie,Greer,cinkahfop@legsouju.ps,value,6/10/2057,(887) 636-5900,38,NM,Dumdat Pass
205,205,f6ef533c-6911-5133-a85c-93218eae6dad,Estelle Harper,Callie,Hart,vezgeke@ro.bj,value,6/18/2024,(928) 629-6293,24,NV,Suzse Ridge
206,206,94f9c142-bf18-57c0-8923-ae97673c3db9,Dora Rice,Ricky,Alexander,okukfem@uremibdaj.pg,value,4/4/2022,(511) 398-1280,62,GA,Loca View
207,207,e7561ab8-efc6-5a55-ab66-0e236f79ecab,Vera Brooks,Leroy,Scott,donu@ane.vg,value,8/12/2033,(406) 482-3329,24,CO,Copri Place
208,208,31f1a3cc-3054-589a-ad84-6653854a9843,Derek Gibson,Paul,Nguyen,osukuvit@wul.jo,value,6/20/1996,(815) 908-7592,19,AL,Zulewa Square
209,209,548a7bc7-1f98-56c1-9645-9d79afdb5861,Victoria Robertson,Esther,Scott,bafluc@lofhitam.kz,value,7/1/2062,(717) 777-4142,56,AK,Onfa Mill
210,210,b5de35f0-a725-5a45-ab17-070c6f4bdb8d,Hester Chambers,Ray,Drake,rinde@jo.al,value,3/9/2033,(289) 325-4246,65,SD,Vaaf Center
211,211,f996998b-28b4-572e-8c5b-9602cb0b88c8,Robert Carlson,Cameron,Joseph,obifivu@himuihu.dj,value,9/5/1926,(432) 367-7931,27,KS,Sibfon Ridge
212,212,020381ec-6874-552e-8608-adb6a482f12a,Gilbert Evans,Nannie,Garcia,ni@nu.sl,value,5/13/2063,(328) 974-2661,41,NJ,Kivsa Heights
213,213,a54761f4-9fbc-54b9-ac27-110d12dbe987,Lelia Barton,Barry,Curtis,veruh@huwe.au,value,8/21/1901,(514) 366-4201,60,KY,Bogwo Highway
214,214,a83cb307-8fd0-5743-a6b1-3bda393a4d22,Iva Jennings,Chad,Ingram,emrozoc@ifsedmac.gt,value,7/2/2047,(751) 793-5194,46,IL,Couz Terrace
215,215,779366aa-5790-5ac9-9ba6-3773f42230cb,Steven Newman,Violet,Munoz,lu@duwtasav.mh,value,1/19/1993,(329) 447-5659,49,CA,Funiw Ridge
216,216,dac3d780-f318-5a52-aba6-414de910e584,David Cook,Eliza,Graham,tiad@wikulo.ad,value,3/26/1936,(959) 210-3698,64,OH,Onsoh Road
217,217,f16a57c8-9c10-59cc-9f0b-b3dc4bd566ed,Abbie Valdez,Dustin,Tate,laugupi@da.gy,value,11/23/1951,(766) 581-2193,33,LA,Uguwe Pass
218,218,68016ed2-34f9-54be-9814-e0df74cf2bae,Ethel Schultz,Lucille,Craig,mej@bul.la,value,10/6/1978,(834) 851-3688,22,SC,Fujle Court
219,219,cb8e7cd3-6681-5d83-84bb-884689ba8eba,Ernest Adkins,Peter,Robertson,zumku@addi.pl,value,8/19/1993,(906) 945-8693,31,MA,Ahse Highway
220,220,61c4b739-14f0-5c81-b68c-2b93e5785556,Estella Harrington,Harvey,Mathis,lu@ho.lc,value,7/8/2025,(612) 659-9483,57,,Lefla Junction
221,221,c1491b23-7079-51b5-9d8b-bb7a918e0cca,Max Silva,Rhoda,Jones,med@bavwipan.ai,value,6/2/1912,(780) 304-5792,21,TN,Dibuw Lane
222,222,3af5520e-3d67-579f-bf4a-0f244dde375d,Clara Leonard,Jon,Watkins,hakdi@wilele.sb,value,4/26/2060,(582) 436-3802,32,SC,Fuazi Glen
223,223,3fa4f356-d63f-590c-a596-570da3a01745,Ethel Kelley,Henry,Wade,atamah@opidina.mv,value,4/13/1934,(883) 809-1768,65,OH,Pewaf Pass
224,224,7b044853-ca5d-510d-b38b-abdbbce2259c,Aaron Briggs,Austin,Lowe,obfid@bieg.ss,value,2/27/1934,(362) 360-3519,40,NE,Futdec Boulevard
225,225,32477931-2aa0-5e38-b319-275e4782418f,Arthur Massey,Emma,Strickland,goffokil@id.th,value,10/25/1982,(742) 232-5998,21,LA,Uvbad Circle
226,226,0591afe4-706e-5a21-8175-8af10f1e31ae,Landon Hampton,Chad,McGee,ovuovuzi@vehna.ge,value,3/23/2027,(351) 371-1644,22,ME,Ruvzus Avenue
227,227,344692a7-2c86-5b88-9bb9-8a55c6f05dc1,Ryan Tucker,George,Craig,ejzahi@tuw.ax,value,5/23/1905,(343) 410-2962,65,PA,Sifip Point
228,228,735dc9df-3017-5008-84d2-4da6063441b5,Eugene Moody,Josephine,Richardson,ebjidrok@ezefhe.bw,value,2/19/1952,(525) 567-1815,44,WY,Rohi Place
229,229,4f7822f9-8d54-558d-8eb0-eb254544ee4f,Isabel Blair,Johanna,Ortiz,puj@ehurasha.er,value,12/1/1927,(359) 612-5235,56,DC,Norosa Road
230,230,aab7599d-b390-51a9-87f3-886dad306a3b,Don Alvarez,Alice,Lloyd,ivo@aciber.bz,value,7/19/1994,(789) 265-1848,51,NH,Ibut Ridge
231,231,4b5c0bd3-31a3-529e-93a8-cfa772cb310a,Franklin Knight,Jeremiah,Harrison,wavpufu@hawrid.gy,value,3/16/1971,(983) 546-4974,59,AZ,Nawu Street
232,232,eaca9c37-607b-5b30-ab18-8545849080c3,Cameron Glover,Olga,Hill,fatmar@ol.cg,value,2/13/1932,(417) 284-3819,19,NE,Cesosi Boulevard
233,233,b07510ed-59c0-50f2-846e-e5801af898f1,Amanda Fernandez,Lucy,Ford,puwsuwka@nassuc.pe,value,9/22/2047,(453) 536-3299,29,VA,Lolkaf Turnpike
234,234,eb42978f-e051-538d-8dc9-a7eaf0c444ab,Nicholas Lindsey,Jeffrey,Harrison,jafegu@ahip.eu,value,4/20/1934,(803) 689-2507,28,MA,Vedil Way
235,235,f51aa731-212b-52aa-8f74-2ec0772984cc,Eric Perkins,Devin,Hernandez,hofam@poma.aq,value,11/1/2004,(269) 515-4871,32,NH,Lehen River
236,236,6ba517cf-cae2-5917-b456-cefb98ed81c5,Jordan Wade,Dollie,Gordon,ocinicoz@hoci.mm,value,4/17/1956,(658) 751-4683,23,MS,Maage Ridge
237,237,8e4fd008-a1e7-51fc-93b8-e9c4359ed55f,Pauline Dixon,Martha,Hale,ap@dumiwiuw.uk,value,7/28/1960,(300) 834-2075,58,MI,Acoam Extension
238,238,31286016-c626-5a32-8357-9b0ab544ab36,Bertie Carter,Jean,Clark,wodedge@punojtu.bn,value,5/23/1960,(985) 963-2118,35,WI,Lahic Trail
239,239,6eb42897-19d0-5c20-9952-fd96fc7614df,Edgar Peters,Alma,Fisher,jusagjuf@poloci.yt,value,3/30/2028,(662) 527-2064,57,ND,Najev Extension
240,240,5a576259-65f5-5728-a821-7bc5675be883,Johanna Ramsey,Jim,Armstrong,direware@piztizimu.sk,value,5/30/2005,(356) 979-8781,21,DC,Tezlu Square
241,241,7e9f04e5-a4df-5717-ae8b-1f7d169c2567,Isaac Harmon,Leona,Flowers,nukreabo@povalse.ck,value,2/14/1990,(601) 906-4162,51,PA,Ohje Highway
242,242,1c603f45-50d3-5af5-badd-cc7928aed1e8,Isaiah Parks,Terry,Jones,odute@mo.cm,value,10/2/1954,(686) 814-3645,52,AL,Nufec Glen
243,243,8dd2008e-7ab1-5b13-891b-ff497f19d51e,Patrick Goodwin,Derrick,Graham,jov@etwo.com,value,8/12/1918,(483) 805-8590,33,IN,Covak Drive
244,244,f26baa20-c3e8-5a97-a19e-81eb63f4ea21,George Mason,Clarence,Fields,ocha@feida.si,value,2/2/1967,(941) 294-6521,23,IL,Wiztoj Loop
245,245,8d6bf711-cb96-56a4-bb53-55e1992dc736,Jack McKinney,Elizabeth,Schwartz,teuw@vamgepal.md,value,11/19/1924,(841) 522-8806,37,NC,Dooh Loop
246,246,d6d112da-7f54-5979-852d-686766522696,Andre Norton,Nora,Garrett,enino@hovsoz.io,value,4/5/1975,(767) 262-5688,49,ME,Lihpoc Junction
247,247,faf12425-c992-5953-b122-945c474d90b4,Marie Drake,Rose,Barber,gaci@la.kp,value,2/19/1994,(416) 638-1361,29,NH,Recjum Avenue
248,248,4f256c8a-4251-5298-b1cb-1df198085d4c,Louisa Henderson,Barry,Johnson,gakuruh@lovam.tj,value,11/30/2048,(308) 703-4067,31,SD,Jusda Glen
249,249,7103cfaa-6c88-575a-8d8b-bf596b99b230,Melvin Garza,Floyd,Copeland,niv@vef.cr,value,10/15/1996,(573) 640-8660,22,ND,Fepva Point
250,250,db5cc029-3422-5f6b-8643-f0b918f52f8a,Roy Quinn,Christian,Tate,oshugzuh@siro.mh,value,4/3/1955,(575) 647-5037,39,TX,Lawo Junction
251,251,96a832cc-0f0a-542b-b202-ef2704d8212f,Edna Page,Blake,Peters,eg@sured.edu,value,3/3/1923,(633) 533-8993,38,MI,Satdu View
252,252,c8b9de30-3478-59f0-9a1f-0c0210c9cd9e,Bettie Boyd,Nelle,Brady,jauvima@kurguhof.py,value,4/1/1928,(647) 790-1882,35,OH,Wanha Court
253,253,6a7c8fd4-df3b-5191-8fd4-d3bb99bf52c5,Phillip Patterson,Wayne,Armstrong,jacedid@og.pm,value,5/20/1905,(881) 365-5380,39,MS,Kejzoh Highway
254,254,9bfd4911-e24d-5d56-ac21-2dc1e27e8f81,Harry Walton,Eleanor,Watkins,hamowa@atu.jp,value,8/18/2039,(904) 451-5890,37,SC,Havi Drive
255,255,bac01419-c045-5ca8-bf7b-71f082c9ea14,Agnes Meyer,Jessie,McLaughlin,gesosrom@rait.rw,value,8/4/2014,(763) 994-5041,62,WV,Sojwe Path
256,256,ff093177-996d-5188-905b-a800f6739139,Rose Pratt,Henry,Hawkins,vuh@lapu.vi,value,7/13/1989,(686) 950-2133,21,CA,Jeuva Plaza
257,257,43be698e-5eb7-5f7b-b8c0-55a4472f701b,Georgia Holmes,Jennie,Bowman,dan@biug.bd,value,7/28/2039,(317) 399-3796,55,OR,Kudeze Street
258,258,2e07071a-c409-51c7-8397-d013d2058eda,Barbara Sharp,Lester,Doyle,ivfesi@gufik.cx,value,1/15/2004,(958) 871-2381,28,MA,Eruru Way
259,259,7559d216-894c-5125-8fd4-389908a370f1,Ida Blair,Todd,Hamilton,se@tul.tz,value,12/14/2011,(870) 577-3728,56,CO,Jogga View
260,260,6a397df5-0b97-57c7-ab94-c3a40acfbc47,Tyler Norton,Bradley,Bryant,fiojnod@himobwi.ke,value,12/3/1918,(332) 383-7048,33,RI,Velnus Grove
261,261,f978fe5f-653b-59bd-9f5d-2251bb8b966f,Beatrice Powell,Louis,Blair,mebhe@tof.co,value,10/29/2059,(344) 589-1198,36,UT,Cudif Grove
262,262,69fd36b3-5103-58be-b0f7-c12002a6259d,Marguerite Turner,Curtis,Gonzalez,banevke@ebti.ci,value,10/21/2007,(637) 799-7990,45,DE,Kihu Point
263,263,91d2bf7c-6b53-530c-b27d-01d0478fa6c5,Dale Bridges,Isabelle,Griffith,mavlu@jig.sh,value,12/24/1929,(273) 928-9597,53,KS,Vuru Road
264,264,f0ad7d42-eb49-541b-8426-bf8f29ee9dae,Jared Bishop,Joseph,Montgomery,ker@gubbo.th,value,4/27/1938,(807) 642-9097,18,VT,Luszaf Circle
265,265,a4bf055f-064c-501c-8486-bc62c96a248f,Cynthia Cook,Andre,Gray,otvi@runid.np,value,7/11/1911,(635) 809-5142,58,NE,Lajem Glen
266,266,ed25f9b3-e842-510d-b36f-8a96f3734ee2,Christina Smith,Edwin,Burns,zajlolos@upi.tc,value,10/30/1928,(518) 627-8287,53,,Muce Junction
267,267,8aef2a74-b346-5543-9f6e-f29c10d2e67b,Rachel Strickland,Maggie,Snyder,ugu@liacic.ba,value,8/8/1942,(560) 928-6596,34,ME,Riger Point
268,268,40cf99db-0e87-5c82-b2d6-7a87a6b286f3,Arthur Kelly,Sara,Simpson,petre@po.np,value,8/8/2029,(386) 855-4441,25,AZ,Ihiga Highway
269,269,42ddb1b9-d6b9-564d-859c-21424264e844,Georgie Torres,Leah,Christensen,geoj@ba.gs,value,5/4/1942,(687) 509-2280,37,IL,Curpo Plaza
270,270,9bb7af6e-61df-5761-a138-1094d20c8c73,Delia Klein,Cordelia,Valdez,ner@diwli.lv,value,5/15/2027,(323) 606-4975,52,AR,Giiz Extension
271,271,cc3ee7c3-faa4-5c88-a040-9749bac98549,Mina Reeves,Lottie,Bowers,mes@somfa.bh,value,9/28/1938,(652) 315-2125,50,WI,Fuvmij Mill
272,272,70fcdbfb-a452-510d-b474-41c7d101fc45,Christina Murray,Bernard,Neal,gobhapas@kameuv.it,value,11/15/1984,(332) 401-6158,30,DE,Codas Turnpike
273,273,a3060cfc-c2f9-5fd8-83ba-c64ce994ca83,Belle Ward,Lula,Kennedy,lampefmuc@epiluge.ml,value,12/10/2014,(852) 829-4958,59,OK,Efrez River
274,274,70cadbf2-79bc-5de3-8dce-8882e22902f9,Ora Grant,Dorothy,Chavez,gimzazpos@zuec.tn,value,7/15/2055,(740) 248-5092,56,CT,Vuomu Road
275,275,ccce9c3e-158a-58a1-9ae2-c13ff0ff7773,Mittie Gordon,Lettie,Palmer,kisenat@fupdu.gm,value,12/27/2042,(855) 468-6826,29,VA,Nefma Junction
276,276,62638571-4e2e-593b-925b-c17d4c3aeb15,Jose Mack,Leona,Hodges,ebbaun@kavalaeb.gb,value,6/30/2032,(881) 395-2442,26,FL,Buhici Point
277,277,21fac434-e3da-555f-894e-9978da9421e9,Lewis Perkins,Ethan,Ryan,uz@lu.nl,value,9/22/1969,(351) 403-3104,37,VA,Titako Trail
278,278,527048d1-74df-5cbf-9d5e-67a591d531b6,Lester Sanchez,Herman,Terry,ju@higbam.pk,value,6/19/1991,(854) 203-1804,35,FL,Sowji Place
279,279,d106543e-4a36-54a4-a02f-a3001420cdc5,Wayne Ortega,Bertie,Freeman,foz@vipesno.lr,value,11/4/2026,(726) 630-5329,58,IL,Zedli Point
280,280,434c179c-193f-5a21-912a-4e08d80dfe56,Manuel Paul,Ethel,Coleman,zus@awoultu.me,value,8/11/2055,(467) 351-9901,62,MT,Kiisa Drive
281,281,43928424-1176-5b06-9ab7-855f98a5b9ec,Dora McGuire,Isabel,Potter,nuelivec@jawligik.pl,value,5/13/1994,(518) 645-4987,44,LA,Seet Pike
282,282,8662354f-b224-564d-a0e5-31ab1897783c,Benjamin Hamilton,Belle,Huff,wufvig@le.gq,value,12/25/1927,(589) 928-7332,49,DC,Firvof Extension
283,283,fb4d7513-53d3-5f90-a8bd-b3e9b14f679d,Roger Summers,Beatrice,Sharp,zugtal@jet.nr,value,8/22/2034,(978) 605-2507,31,ME,Diwoz Way
284,284,2efc36ad-d4a3-5f7c-ae73-c4040ca8581b,Bill McDaniel,Anne,Ortega,vilzesmi@wueto.ye,value,10/5/2049,(557) 699-1517,42,MD,Rigse Path
285,285,8d755ba9-b40e-5e1c-9adb-ba83c1ccd045,Juan Tate,Sallie,Cruz,ro@nuzab.lu,value,12/24/2003,(841) 706-1286,46,MD,Amaho Junction
286,286,304ab54b-1474-5bfc-a5db-12e6b2e68325,Brett Hammond,Melvin,Gonzalez,ipufazbu@pul.tc,value,9/18/2015,(534) 652-3623,57,HI,Moco Path
287,287,1060b7e0-ad5e-5e18-ab99-e5dd6480be35,Carl Jennings,Manuel,Shaw,dono@etabo.li,value,12/22/2034,(780) 378-1400,65,AZ,Onhuf Plaza
288,288,c3451c79-6526-5df0-ac9b-37b0f24de28a,Edgar Ortega,Marcus,Perry,lanlemzi@ra.vi,value,1/27/1960,(240) 591-5209,21,SC,Loszi Place
289,289,036b2485-0de7-5743-bd0e-5dd49ad6e21a,Nannie Rhodes,Victor,Ramirez,uz@pemej.gb,value,12/6/1934,(619) 473-2113,65,NJ,Wunfeg Pike
290,290,682a0337-c557-5bb1-a63d-60a410f8e6da,Chase Jackson,Cody,Becker,ri@weheti.tj,value,10/27/1931,(272) 417-5845,47,WV,Kiwsuz Highway
291,291,295a396c-a395-5900-8fc3-6d153474f732,Clarence Alexander,Isaiah,Hogan,co@nepev.sx,value,11/26/1961,(327) 431-6425,63,DE,Kavumu Glen
292,292,4f279f2c-4775-5496-9568-3482e7b75e38,Peter Richardson,Gordon,Castro,ile@ajiwif.ec,value,3/17/1908,(341) 571-3570,29,DE,Ginag Center
293,293,52ae2ff0-a08d-5382-b01d-f4562588c00d,Alexander Doyle,Sylvia,Holland,ugu@puw.to,value,10/22/1960,(768) 945-9993,23,NJ,Ofpug Plaza
294,294,3be95c72-666a-5970-ae36-bdceb4fdc659,Norman Harris,Mattie,Hodges,zukam@mejug.je,value,7/1/2046,(326) 938-5339,43,ND,Paobu Ridge
295,295,1e36e1a7-d470-5ee5-9d96-d8d0c104b36c,Corey McBride,Milton,Goodman,ide@fiwhezpo.mw,value,6/2/1991,(549) 551-3869,18,OR,Zawhi Pike
296,296,d0cac80e-9d22-57c8-bc7c-c301630efbc3,Bryan Rowe,Ophelia,Patrick,bi@huf.hr,value,11/16/1990,(521) 403-4206,58,WY,Acivo Court
297,297,e5ac1138-1c09-5be9-b825-c2b36b946c26,Lou Garza,Minnie,Briggs,ruwuuti@ho.gm,value,6/27/2039,(335) 828-3177,52,IL,Eficiv Boulevard
298,298,44065692-c909-5032-9d32-a6460760a695,Ada Marshall,Inez,Olson,kubo@lurvi.gy,value,12/19/1920,(637) 349-1567,18,NM,Ovref Key
299,299,9e7d51b7-45db-5d81-ac18-48a7b9d97a02,Glen Bush,Abbie,Rivera,mucub@vumlolewo.tl,value,5/4/1935,(821) 562-3850,62,NV,Zoen Mill
